{"v":"5.6.10","fr":24,"ip":0,"op":32,"w":500,"h":500,"nm":"478-computer-display-outline","ddd":0,"assets":[],"layers":[{"ddd":0,"ind":1,"ty":3,"nm":"02092020","sr":1,"ks":{"o":{"a":0,"k":0,"ix":11},"r":{"a":0,"k":0,"ix":10},"p":{"a":0,"k":[-105,15,0],"ix":2},"a":{"a":0,"k":[60,60,0],"ix":1},"s":{"a":0,"k":[100,100,100],"ix":6}},"ao":0,"ef":[{"ty":5,"nm":"02092020002","np":3,"mn":"ADBE Checkbox Control","ix":1,"en":1,"ef":[{"ty":7,"nm":"Checkbox","mn":"ADBE Checkbox Control-0001","ix":1,"v":{"a":0,"k":0,"ix":1}}]}],"ip":0,"op":120,"st":0,"bm":0,"completed":true},{"ddd":0,"ind":2,"ty":4,"nm":"lordicon.com Outlines","cl":"com","sr":1,"ks":{"o":{"a":0,"k":20,"ix":11,"x":"var $bm_rt;\nvar checkbox = thisComp.layer('02092020').effect('02092020002')('Checkbox');\nif (checkbox == 1) {\n    $bm_rt = 20;\n} else {\n    $bm_rt = 0;\n}\n;"},"r":{"a":0,"k":0,"ix":10},"p":{"a":0,"k":[249.934,481.369,0],"ix":2},"a":{"a":0,"k":[79.934,0.369,0],"ix":1},"s":{"a":0,"k":[265.159,265.159,100],"ix":6}},"ao":0,"shapes":[{"ty":"gr","it":[{"ind":0,"ty":"sh","ix":1,"ks":{"a":0,"k":{"i":[[1.415,0],[11.014,0],[11.014,-2.523],[4.656,-2.523],[4.656,-14.809],[1.415,-14.809]],"o":[[1.415,0],[11.014,0],[11.014,-2.523],[4.656,-2.523],[4.656,-14.809],[1.415,-14.809]],"v":[[1.415,0],[11.014,0],[11.014,-2.523],[4.656,-2.523],[4.656,-14.809],[1.415,-14.809]],"c":true},"ix":2},"nm":"l","mn":"ADBE Vector Shape - Group","hd":false,"_render":true},{"ty":"fl","c":{"a":0,"k":[0,0,0,1],"ix":4},"o":{"a":0,"k":100,"ix":5},"r":1,"bm":0,"nm":"Fill 1","mn":"ADBE Vector Graphic - Fill","hd":false,"_render":true},{"ty":"tr","p":{"a":0,"k":[0,0],"ix":2},"a":{"a":0,"k":[0,0],"ix":1},"s":{"a":0,"k":[100,100],"ix":3},"r":{"a":0,"k":0,"ix":6},"o":{"a":0,"k":100,"ix":7},"sk":{"a":0,"k":0,"ix":4},"sa":{"a":0,"k":0,"ix":5},"nm":"Transform","_render":true}],"nm":"l","np":3,"cix":2,"bm":0,"ix":1,"mn":"ADBE Vector Group","hd":false,"_render":true},{"ty":"gr","it":[{"ind":0,"ty":"sh","ix":1,"ks":{"a":0,"k":{"i":[[11.167,-11.137],[11.372,-3.3840000000000003],[16.293999999999997,0.369],[21.872999999999998,0.10299999999999998],[25.381,-5.394],[25.073,-11.322000000000001],[19.863,-15.137]],"o":[[11.167,-5.845],[14.346,-0.246],[19.474,0.369],[24.724,-3.0970000000000004],[25.381,-9.004],[22.038,-14.768],[12.950999999999999,-15.137]],"v":[[11.167,-7.199],[12.992,-1.661],[18.243,0.369],[23.514,-1.743],[25.381,-7.548],[23.494,-13.127],[18.284,-15.137]],"c":true},"ix":2},"nm":"o","mn":"ADBE Vector Shape - Group","hd":false,"_render":true},{"ind":1,"ty":"sh","ix":2,"ks":{"a":0,"k":{"i":[[14.49,-5.887],[14.736,-10.583],[17.115,-12.86],[21.074,-12.059999999999999],[22.058,-8.307],[21.545,-4.0809999999999995],[19.576,-1.969],[16.048,-2.5439999999999996]],"o":[[14.49,-8.984],[16.172,-12.368],[19.823,-12.86],[21.997,-9.333],[22.058,-5.23],[20.458000000000002,-2.42],[16.807,-1.969],[14.715,-4.308]],"v":[[14.49,-7.302],[15.577,-11.609],[18.305,-12.86],[21.689,-10.235],[22.058,-7.589],[21.053,-3.343],[18.284,-1.969],[15.597,-3.159]],"c":true},"ix":2},"nm":"o","mn":"ADBE Vector Shape - Group","hd":false,"_render":true},{"ty":"mm","mm":1,"nm":"Merge Paths 1","mn":"ADBE Vector Filter - Merge","hd":false,"_render":true},{"ty":"fl","c":{"a":0,"k":[0,0,0,1],"ix":4},"o":{"a":0,"k":100,"ix":5},"r":1,"bm":0,"nm":"Fill 1","mn":"ADBE Vector Graphic - Fill","hd":false,"_render":true},{"ty":"tr","p":{"a":0,"k":[0,0],"ix":2},"a":{"a":0,"k":[0,0],"ix":1},"s":{"a":0,"k":[100,100],"ix":3},"r":{"a":0,"k":0,"ix":6},"o":{"a":0,"k":100,"ix":7},"sk":{"a":0,"k":0,"ix":4},"sa":{"a":0,"k":0,"ix":5},"nm":"Transform","_render":true}],"nm":"o","np":5,"cix":2,"bm":0,"ix":2,"mn":"ADBE Vector Group","hd":false,"_render":true},{"ty":"gr","it":[{"ind":0,"ty":"sh","ix":1,"ks":{"a":0,"k":{"i":[[27.381,0],[30.622,0],[30.622,-5.989],[33.411,-5.989],[34.724000000000004,-5.989],[35.667,-0.82],[39.318,0],[39.031,-0.4109999999999999],[38.641999999999996,-2.1950000000000003],[37.985,-7.138],[38.847,-8.204],[38.477000000000004,-13.024],[34.704,-14.850000000000001],[27.381,-14.829]],"o":[[27.381,0],[30.622,0],[30.622,-5.989],[33.944,-5.989],[35.216,-4.574],[35.811,0],[39.153999999999996,-0.246],[38.763999999999996,-1.4769999999999999],[38.148999999999994,-5.866],[36.467,-7.548],[38.847,-11.937000000000001],[36.364000000000004,-14.85],[33.063,-14.829],[27.381,-14.829]],"v":[[27.381,0],[30.622,0],[30.622,-5.989],[33.411,-5.989],[35.011,-5.148],[35.811,0],[39.318,0],[38.867,-1.067],[38.416,-3.938],[35.749,-7.343],[38.847,-10.973],[37.554,-13.824],[33.063,-14.829],[27.381,-14.829]],"c":true},"ix":2},"nm":"r","mn":"ADBE Vector Shape - Group","hd":false,"_render":true},{"ind":1,"ty":"sh","ix":2,"ks":{"a":0,"k":{"i":[[30.519,-12.491],[32.652,-12.491],[34.252,-12.491],[35.524,-11.486],[34.929,-8.921999999999999],[33.452,-8.348],[30.519,-8.348]],"o":[[30.519,-12.491],[33.657000000000004,-12.491],[35.031,-11.956999999999999],[35.524,-9.435],[34.190000000000005,-8.347999999999999],[33.083,-8.348],[30.519,-8.348]],"v":[[30.519,-12.491],[32.652,-12.491],[34.744,-12.142],[35.524,-10.481],[34.703,-8.758],[33.083,-8.348],[30.519,-8.348]],"c":true},"ix":2},"nm":"r","mn":"ADBE Vector Shape - Group","hd":false,"_render":true},{"ty":"mm","mm":1,"nm":"Merge Paths 1","mn":"ADBE Vector Filter - Merge","hd":false,"_render":true},{"ty":"fl","c":{"a":0,"k":[0,0,0,1],"ix":4},"o":{"a":0,"k":100,"ix":5},"r":1,"bm":0,"nm":"Fill 1","mn":"ADBE Vector Graphic - Fill","hd":false,"_render":true},{"ty":"tr","p":{"a":0,"k":[0,0],"ix":2},"a":{"a":0,"k":[0,0],"ix":1},"s":{"a":0,"k":[100,100],"ix":3},"r":{"a":0,"k":0,"ix":6},"o":{"a":0,"k":100,"ix":7},"sk":{"a":0,"k":0,"ix":4},"sa":{"a":0,"k":0,"ix":5},"nm":"Transform","_render":true}],"nm":"r","np":5,"cix":2,"bm":0,"ix":3,"mn":"ADBE Vector Group","hd":false,"_render":true},{"ty":"gr","it":[{"ind":0,"ty":"sh","ix":1,"ks":{"a":0,"k":{"i":[[41.068,0],[45.683,0],[47.794999999999995,-0.06100000000000001],[53.6,-3.056],[52.943,-12.059999999999999],[46.79,-14.768],[41.068,-14.788]],"o":[[41.068,0],[47.18,0],[51.159,-0.677],[53.6,-9.722],[49.293,-14.747],[45.97,-14.768],[41.068,-14.788]],"v":[[41.068,0],[45.683,0],[48.349,-0.164],[53.6,-7.609],[51.077,-13.434],[45.97,-14.768],[41.068,-14.788]],"c":true},"ix":2},"nm":"d","mn":"ADBE Vector Shape - Group","hd":false,"_render":true},{"ind":1,"ty":"sh","ix":2,"ks":{"a":0,"k":{"i":[[44.288,-12.388],[46.955,-12.368],[50.318,-9.701],[50.236,-4.676],[46.893,-2.4],[44.63699999999999,-2.42]],"o":[[46.113,-12.47],[49.601,-11.629],[50.318,-6.891],[48.062,-2.502],[45.17,-2.4],[44.288,-2.441]],"v":[[44.288,-12.388],[47.611,-12.183],[50.318,-7.609],[48.985,-3.425],[45.539,-2.4],[44.288,-2.441]],"c":true},"ix":2},"nm":"d","mn":"ADBE Vector Shape - Group","hd":false,"_render":true},{"ty":"mm","mm":1,"nm":"Merge Paths 1","mn":"ADBE Vector Filter - Merge","hd":false,"_render":true},{"ty":"fl","c":{"a":0,"k":[0,0,0,1],"ix":4},"o":{"a":0,"k":100,"ix":5},"r":1,"bm":0,"nm":"Fill 1","mn":"ADBE Vector Graphic - Fill","hd":false,"_render":true},{"ty":"tr","p":{"a":0,"k":[0,0],"ix":2},"a":{"a":0,"k":[0,0],"ix":1},"s":{"a":0,"k":[100,100],"ix":3},"r":{"a":0,"k":0,"ix":6},"o":{"a":0,"k":100,"ix":7},"sk":{"a":0,"k":0,"ix":4},"sa":{"a":0,"k":0,"ix":5},"nm":"Transform","_render":true}],"nm":"d","np":5,"cix":2,"bm":0,"ix":4,"mn":"ADBE Vector Group","hd":false,"_render":true},{"ty":"gr","it":[{"ind":0,"ty":"sh","ix":1,"ks":{"a":0,"k":{"i":[[55.669,0],[58.849,0],[58.849,-14.87],[55.669,-14.87]],"o":[[55.669,0],[58.849,0],[58.849,-14.87],[55.669,-14.87]],"v":[[55.669,0],[58.849,0],[58.849,-14.87],[55.669,-14.87]],"c":true},"ix":2},"nm":"i","mn":"ADBE Vector Shape - Group","hd":false,"_render":true},{"ty":"fl","c":{"a":0,"k":[0,0,0,1],"ix":4},"o":{"a":0,"k":100,"ix":5},"r":1,"bm":0,"nm":"Fill 1","mn":"ADBE Vector Graphic - Fill","hd":false,"_render":true},{"ty":"tr","p":{"a":0,"k":[0,0],"ix":2},"a":{"a":0,"k":[0,0],"ix":1},"s":{"a":0,"k":[100,100],"ix":3},"r":{"a":0,"k":0,"ix":6},"o":{"a":0,"k":100,"ix":7},"sk":{"a":0,"k":0,"ix":4},"sa":{"a":0,"k":0,"ix":5},"nm":"Transform","_render":true}],"nm":"i","np":3,"cix":2,"bm":0,"ix":5,"mn":"ADBE Vector Group","hd":false,"_render":true},{"ty":"gr","it":[{"ind":0,"ty":"sh","ix":1,"ks":{"a":0,"k":{"i":[[73.104,-9.989],[70.828,-14.911],[60.798,-11.794],[62.459,0.349],[70.581,0.04100000000000015],[73.165,-3.9170000000000003],[69.884,-4.799],[68.551,-1.99],[64.121,-6.194],[65.105,-12.593],[69.802,-10.502]],"o":[[73.104,-12.943000000000001],[63.423,-14.911],[60.798,-3.4260000000000006],[68.92,0.349],[73.084,-2.544],[73.227,-4.799],[69.822,-2.83],[64.12100000000001,-1.99],[64.121,-10.132],[69.618,-12.593],[69.864,-9.989]],"v":[[73.104,-9.989],[67.587,-14.911],[60.798,-7.097],[67.566,0.349],[71.894,-1.313],[73.227,-4.799],[69.884,-4.799],[67.218,-1.99],[64.121,-7.076],[67.464,-12.593],[69.864,-9.989]],"c":true},"ix":2},"nm":"c","mn":"ADBE Vector Shape - Group","hd":false,"_render":true},{"ty":"fl","c":{"a":0,"k":[0,0,0,1],"ix":4},"o":{"a":0,"k":100,"ix":5},"r":1,"bm":0,"nm":"Fill 1","mn":"ADBE Vector Graphic - Fill","hd":false,"_render":true},{"ty":"tr","p":{"a":0,"k":[0,0],"ix":2},"a":{"a":0,"k":[0,0],"ix":1},"s":{"a":0,"k":[100,100],"ix":3},"r":{"a":0,"k":0,"ix":6},"o":{"a":0,"k":100,"ix":7},"sk":{"a":0,"k":0,"ix":4},"sa":{"a":0,"k":0,"ix":5},"nm":"Transform","_render":true}],"nm":"c","np":3,"cix":2,"bm":0,"ix":6,"mn":"ADBE Vector Group","hd":false,"_render":true},{"ty":"gr","it":[{"ind":0,"ty":"sh","ix":1,"ks":{"a":0,"k":{"i":[[74.546,-11.137],[74.752,-3.3840000000000003],[79.673,0.369],[85.253,0.10299999999999998],[88.76,-5.394],[88.452,-11.322000000000001],[83.24199999999999,-15.137]],"o":[[74.546,-5.845],[77.726,-0.246],[82.853,0.369],[88.104,-3.0970000000000004],[88.76,-9.004],[85.417,-14.768],[76.33,-15.137]],"v":[[74.546,-7.199],[76.372,-1.661],[81.622,0.369],[86.894,-1.743],[88.76,-7.548],[86.873,-13.127],[81.663,-15.137]],"c":true},"ix":2},"nm":"o","mn":"ADBE Vector Shape - Group","hd":false,"_render":true},{"ind":1,"ty":"sh","ix":2,"ks":{"a":0,"k":{"i":[[77.869,-5.887],[78.11500000000001,-10.583],[80.494,-12.86],[84.453,-12.059999999999999],[85.437,-8.307],[84.924,-4.0809999999999995],[82.955,-1.969],[79.428,-2.5439999999999996]],"o":[[77.869,-8.984],[79.551,-12.368],[83.202,-12.86],[85.376,-9.333],[85.437,-5.23],[83.837,-2.42],[80.18599999999999,-1.969],[78.095,-4.308]],"v":[[77.869,-7.302],[78.956,-11.609],[81.684,-12.86],[85.068,-10.235],[85.437,-7.589],[84.432,-3.343],[81.663,-1.969],[78.977,-3.159]],"c":true},"ix":2},"nm":"o","mn":"ADBE Vector Shape - Group","hd":false,"_render":true},{"ty":"mm","mm":1,"nm":"Merge Paths 1","mn":"ADBE Vector Filter - Merge","hd":false,"_render":true},{"ty":"fl","c":{"a":0,"k":[0,0,0,1],"ix":4},"o":{"a":0,"k":100,"ix":5},"r":1,"bm":0,"nm":"Fill 1","mn":"ADBE Vector Graphic - Fill","hd":false,"_render":true},{"ty":"tr","p":{"a":0,"k":[0,0],"ix":2},"a":{"a":0,"k":[0,0],"ix":1},"s":{"a":0,"k":[100,100],"ix":3},"r":{"a":0,"k":0,"ix":6},"o":{"a":0,"k":100,"ix":7},"sk":{"a":0,"k":0,"ix":4},"sa":{"a":0,"k":0,"ix":5},"nm":"Transform","_render":true}],"nm":"o","np":5,"cix":2,"bm":0,"ix":7,"mn":"ADBE Vector Group","hd":false,"_render":true},{"ty":"gr","it":[{"ind":0,"ty":"sh","ix":1,"ks":{"a":0,"k":{"i":[[91.007,0],[94.001,0],[94.001,-12.306],[99.744,0],[104.113,0],[104.113,-14.829],[101.159,-14.829],[101.159,-3.159],[95.601,-14.829],[91.007,-14.829]],"o":[[91.007,0],[94.001,0],[94.001,-12.306],[99.744,0],[104.113,0],[104.113,-14.829],[101.159,-14.829],[101.159,-3.159],[95.601,-14.829],[91.007,-14.829]],"v":[[91.007,0],[94.001,0],[94.001,-12.306],[99.744,0],[104.113,0],[104.113,-14.829],[101.159,-14.829],[101.159,-3.159],[95.601,-14.829],[91.007,-14.829]],"c":true},"ix":2},"nm":"n","mn":"ADBE Vector Shape - Group","hd":false,"_render":true},{"ty":"fl","c":{"a":0,"k":[0,0,0,1],"ix":4},"o":{"a":0,"k":100,"ix":5},"r":1,"bm":0,"nm":"Fill 1","mn":"ADBE Vector Graphic - Fill","hd":false,"_render":true},{"ty":"tr","p":{"a":0,"k":[0,0],"ix":2},"a":{"a":0,"k":[0,0],"ix":1},"s":{"a":0,"k":[100,100],"ix":3},"r":{"a":0,"k":0,"ix":6},"o":{"a":0,"k":100,"ix":7},"sk":{"a":0,"k":0,"ix":4},"sa":{"a":0,"k":0,"ix":5},"nm":"Transform","_render":true}],"nm":"n","np":3,"cix":2,"bm":0,"ix":8,"mn":"ADBE Vector Group","hd":false,"_render":true},{"ty":"gr","it":[{"ind":0,"ty":"sh","ix":1,"ks":{"a":0,"k":{"i":[[106.893,0],[109.497,0],[109.497,-2.728],[106.893,-2.728]],"o":[[106.893,0],[109.497,0],[109.497,-2.728],[106.893,-2.728]],"v":[[106.893,0],[109.497,0],[109.497,-2.728],[106.893,-2.728]],"c":true},"ix":2},"nm":".","mn":"ADBE Vector Shape - Group","hd":false,"_render":true},{"ty":"fl","c":{"a":0,"k":[0,0,0,1],"ix":4},"o":{"a":0,"k":100,"ix":5},"r":1,"bm":0,"nm":"Fill 1","mn":"ADBE Vector Graphic - Fill","hd":false,"_render":true},{"ty":"tr","p":{"a":0,"k":[0,0],"ix":2},"a":{"a":0,"k":[0,0],"ix":1},"s":{"a":0,"k":[100,100],"ix":3},"r":{"a":0,"k":0,"ix":6},"o":{"a":0,"k":100,"ix":7},"sk":{"a":0,"k":0,"ix":4},"sa":{"a":0,"k":0,"ix":5},"nm":"Transform","_render":true}],"nm":".","np":3,"cix":2,"bm":0,"ix":9,"mn":"ADBE Vector Group","hd":false,"_render":true},{"ty":"gr","it":[{"ind":0,"ty":"sh","ix":1,"ks":{"a":0,"k":{"i":[[124.04,-9.989],[121.764,-14.911],[111.734,-11.794],[113.395,0.349],[121.517,0.04100000000000015],[124.101,-3.9170000000000003],[120.82,-4.799],[119.487,-1.99],[115.057,-6.194],[116.04100000000001,-12.593],[120.738,-10.502]],"o":[[124.04,-12.943000000000001],[114.359,-14.911],[111.734,-3.4260000000000006],[119.856,0.349],[124.02,-2.544],[124.163,-4.799],[120.758,-2.83],[115.057,-1.99],[115.057,-10.132],[120.554,-12.593],[120.8,-9.989]],"v":[[124.04,-9.989],[118.523,-14.911],[111.734,-7.097],[118.502,0.349],[122.83,-1.313],[124.163,-4.799],[120.82,-4.799],[118.154,-1.99],[115.057,-7.076],[118.4,-12.593],[120.8,-9.989]],"c":true},"ix":2},"nm":"c","mn":"ADBE Vector Shape - Group","hd":false,"_render":true},{"ty":"fl","c":{"a":0,"k":[0,0,0,1],"ix":4},"o":{"a":0,"k":100,"ix":5},"r":1,"bm":0,"nm":"Fill 1","mn":"ADBE Vector Graphic - Fill","hd":false,"_render":true},{"ty":"tr","p":{"a":0,"k":[0,0],"ix":2},"a":{"a":0,"k":[0,0],"ix":1},"s":{"a":0,"k":[100,100],"ix":3},"r":{"a":0,"k":0,"ix":6},"o":{"a":0,"k":100,"ix":7},"sk":{"a":0,"k":0,"ix":4},"sa":{"a":0,"k":0,"ix":5},"nm":"Transform","_render":true}],"nm":"c","np":3,"cix":2,"bm":0,"ix":10,"mn":"ADBE Vector Group","hd":false,"_render":true},{"ty":"gr","it":[{"ind":0,"ty":"sh","ix":1,"ks":{"a":0,"k":{"i":[[125.482,-11.137],[125.688,-3.3840000000000003],[130.60899999999998,0.369],[136.18800000000002,0.10299999999999998],[139.696,-5.394],[139.388,-11.322000000000001],[134.178,-15.137]],"o":[[125.482,-5.845],[128.662,-0.246],[133.789,0.369],[139.03900000000002,-3.0970000000000004],[139.696,-9.004],[136.353,-14.768],[127.26599999999999,-15.137]],"v":[[125.482,-7.199],[127.308,-1.661],[132.558,0.369],[137.829,-1.743],[139.696,-7.548],[137.809,-13.127],[132.599,-15.137]],"c":true},"ix":2},"nm":"o","mn":"ADBE Vector Shape - Group","hd":false,"_render":true},{"ind":1,"ty":"sh","ix":2,"ks":{"a":0,"k":{"i":[[128.805,-5.887],[129.051,-10.583],[131.43,-12.86],[135.38899999999998,-12.059999999999999],[136.373,-8.307],[135.85999999999999,-4.0809999999999995],[133.891,-1.969],[130.363,-2.5439999999999996]],"o":[[128.805,-8.984],[130.487,-12.368],[134.138,-12.86],[136.31199999999998,-9.333],[136.373,-5.23],[134.773,-2.42],[131.12199999999999,-1.969],[129.03,-4.308]],"v":[[128.805,-7.302],[129.892,-11.609],[132.62,-12.86],[136.004,-10.235],[136.373,-7.589],[135.368,-3.343],[132.599,-1.969],[129.912,-3.159]],"c":true},"ix":2},"nm":"o","mn":"ADBE Vector Shape - Group","hd":false,"_render":true},{"ty":"mm","mm":1,"nm":"Merge Paths 1","mn":"ADBE Vector Filter - Merge","hd":false,"_render":true},{"ty":"fl","c":{"a":0,"k":[0,0,0,1],"ix":4},"o":{"a":0,"k":100,"ix":5},"r":1,"bm":0,"nm":"Fill 1","mn":"ADBE Vector Graphic - Fill","hd":false,"_render":true},{"ty":"tr","p":{"a":0,"k":[0,0],"ix":2},"a":{"a":0,"k":[0,0],"ix":1},"s":{"a":0,"k":[100,100],"ix":3},"r":{"a":0,"k":0,"ix":6},"o":{"a":0,"k":100,"ix":7},"sk":{"a":0,"k":0,"ix":4},"sa":{"a":0,"k":0,"ix":5},"nm":"Transform","_render":true}],"nm":"o","np":5,"cix":2,"bm":0,"ix":11,"mn":"ADBE Vector Group","hd":false,"_render":true},{"ty":"gr","it":[{"ind":0,"ty":"sh","ix":1,"ks":{"a":0,"k":{"i":[[141.696,0],[144.67,0],[144.67,-12.716],[148.629,0],[151.254,0],[155.295,-12.716],[155.295,0],[158.453,0],[158.453,-14.829],[153.408,-14.829],[150.024,-4.041],[146.885,-14.829],[141.696,-14.829]],"o":[[141.696,0],[144.67,0],[144.67,-12.716],[148.629,0],[151.254,0],[155.295,-12.716],[155.295,0],[158.453,0],[158.453,-14.829],[153.408,-14.829],[150.024,-4.041],[146.885,-14.829],[141.696,-14.829]],"v":[[141.696,0],[144.67,0],[144.67,-12.716],[148.629,0],[151.254,0],[155.295,-12.716],[155.295,0],[158.453,0],[158.453,-14.829],[153.408,-14.829],[150.024,-4.041],[146.885,-14.829],[141.696,-14.829]],"c":true},"ix":2},"nm":"m","mn":"ADBE Vector Shape - Group","hd":false,"_render":true},{"ty":"fl","c":{"a":0,"k":[0,0,0,1],"ix":4},"o":{"a":0,"k":100,"ix":5},"r":1,"bm":0,"nm":"Fill 1","mn":"ADBE Vector Graphic - Fill","hd":false,"_render":true},{"ty":"tr","p":{"a":0,"k":[0,0],"ix":2},"a":{"a":0,"k":[0,0],"ix":1},"s":{"a":0,"k":[100,100],"ix":3},"r":{"a":0,"k":0,"ix":6},"o":{"a":0,"k":100,"ix":7},"sk":{"a":0,"k":0,"ix":4},"sa":{"a":0,"k":0,"ix":5},"nm":"Transform","_render":true}],"nm":"m","np":3,"cix":2,"bm":0,"ix":12,"mn":"ADBE Vector Group","hd":false,"_render":true}],"ip":1,"op":10,"st":0,"bm":0,"completed":true},{"ddd":0,"ind":3,"ty":3,"nm":"Color  & Stroke Change","sr":1,"ks":{"o":{"a":0,"k":0,"ix":11},"r":{"a":0,"k":0,"ix":10},"p":{"a":0,"k":[0,0],"ix":2},"a":{"a":0,"k":[0,0,0],"ix":1},"s":{"a":0,"k":[100,100,100],"ix":6}},"ao":0,"ef":[{"ty":5,"nm":"Primary","np":3,"mn":"ADBE Color Control","ix":1,"en":1,"ef":[{"ty":2,"nm":"Color","mn":"ADBE Color Control-0001","ix":1,"v":{"a":0,"k":[0.070588238537,0.074509806931,0.192156866193,1],"ix":1}}]},{"ty":5,"nm":"Secondary","np":3,"mn":"ADBE Color Control","ix":2,"en":1,"ef":[{"ty":2,"nm":"Color","mn":"ADBE Color Control-0001","ix":1,"v":{"a":0,"k":[0.031372550875,0.658823549747,0.541176497936,1],"ix":1}}]},{"ty":5,"nm":"Stroke","np":3,"mn":"ADBE Slider Control","ix":3,"en":1,"ef":[{"ty":0,"nm":"Slider","mn":"ADBE Slider Control-0001","ix":1,"v":{"a":0,"k":28,"ix":1}}]},{"ty":5,"nm":"Scale","np":3,"mn":"ADBE Slider Control","ix":4,"en":1,"ef":[{"ty":0,"nm":"Slider","mn":"ADBE Slider Control-0001","ix":1,"v":{"a":0,"k":100,"ix":1}}]},{"ty":5,"nm":"Axis","np":3,"mn":"ADBE Point Control","ix":5,"en":1,"ef":[{"ty":3,"nm":"Point","mn":"ADBE Point Control-0001","ix":1,"v":{"a":0,"k":[250,250],"ix":1}}]}],"ip":0,"op":120,"st":0,"bm":0,"completed":true},{"ddd":0,"ind":4,"ty":3,"nm":"NULL 2","sr":1,"ks":{"o":{"a":0,"k":0,"ix":11},"r":{"a":0,"k":0,"ix":10},"p":{"a":0,"k":[250,250,0],"ix":2,"x":"var $bm_rt;\n$bm_rt = thisComp.layer('Color  & Stroke Change').effect('Axis')('Point');"},"a":{"a":0,"k":[60,60,0],"ix":1},"s":{"a":0,"k":[100,100,100],"ix":6,"x":"var $bm_rt;\nvar temp;\ntemp = thisComp.layer('Color  & Stroke Change').effect('Scale')('Slider');\n$bm_rt = [\n    temp,\n    temp\n];"}},"ao":0,"ip":0,"op":120,"st":0,"bm":0,"completed":true},{"ddd":0,"ind":5,"ty":4,"nm":"pad","parent":4,"sr":1,"ks":{"o":{"a":0,"k":100,"ix":11},"r":{"a":0,"k":0,"ix":10},"p":{"a":0,"k":[60,60,0],"ix":2},"a":{"a":0,"k":[0,0,0],"ix":1},"s":{"a":0,"k":[100,100,100],"ix":6}},"ao":0,"shapes":[{"ty":"gr","it":[{"ind":0,"ty":"sh","ix":1,"ks":{"a":1,"k":[{"i":{"x":0,"y":1},"o":{"x":0.333,"y":0},"t":0,"s":[{"i":[[11.549,78.386],[6.378,96.313],[-11.549,91.142],[-6.378,73.215]],"o":[[11.549,91.142],[-6.378,96.313],[-11.549,78.386],[6.378,73.215]],"v":[[11.549,84.764],[0,96.313],[-11.549,84.764],[0,73.215]],"c":true}]},{"i":{"x":0.667,"y":1},"o":{"x":1,"y":0},"t":12,"s":[{"i":[[11.766,65.65],[8.659,83.577],[-2.117,78.406],[0.9910000000000001,60.479]],"o":[[11.766,78.406],[0.9910000000000001,83.577],[-2.117,65.65],[8.659,60.479]],"v":[[11.766,72.028],[4.825,83.577],[-2.117,72.028],[4.825,60.479]],"c":true}]},{"t":24,"s":[{"i":[[11.549,78.386],[6.378,96.313],[-11.549,91.142],[-6.378,73.215]],"o":[[11.549,91.142],[-6.378,96.313],[-11.549,78.386],[6.378,73.215]],"v":[[11.549,84.764],[0,96.313],[-11.549,84.764],[0,73.215]],"c":true}]}],"ix":2},"nm":"Path 2","mn":"ADBE Vector Shape - Group","hd":false,"_render":true},{"ty":"fl","c":{"a":0,"k":[0.031372550875,0.658823549747,0.541176497936,1],"ix":4,"x":"var $bm_rt;\n$bm_rt = content('Group 4').content('Stroke 1').color;"},"o":{"a":0,"k":100,"ix":5},"r":1,"bm":0,"nm":"Fill 1","mn":"ADBE Vector Graphic - Fill","hd":false,"_render":true},{"ty":"tr","p":{"a":0,"k":[0,0],"ix":2},"a":{"a":0,"k":[0,0],"ix":1},"s":{"a":0,"k":[100,100],"ix":3},"r":{"a":0,"k":0,"ix":6},"o":{"a":0,"k":100,"ix":7},"sk":{"a":0,"k":0,"ix":4},"sa":{"a":0,"k":0,"ix":5},"nm":"Transform","_render":true}],"nm":"Group 3","np":2,"cix":2,"bm":0,"ix":1,"mn":"ADBE Vector Group","hd":false,"_render":true},{"ty":"gr","it":[{"ind":0,"ty":"sh","ix":1,"ks":{"a":1,"k":[{"i":{"x":0,"y":1},"o":{"x":0.333,"y":0},"t":0,"s":[{"i":[[179.30200000000002,114.172],[-168.573,114.172],[-188,105.474],[-188,-140.399],[-179.30200000000002,-159.826],[168.573,-159.826],[188,-151.128],[188,94.745]],"o":[[168.573,114.172],[-179.30200000000002,114.172],[-188,94.745],[-188,-151.128],[-168.573,-159.826],[179.30200000000002,-159.826],[188,-140.399],[188,105.474]],"v":[[168.573,114.172],[-168.573,114.172],[-188,94.745],[-188,-140.399],[-168.573,-159.826],[168.573,-159.826],[188,-140.399],[188,94.745]],"c":true}]},{"i":{"x":0.667,"y":1},"o":{"x":1,"y":0},"t":12,"s":[{"i":[[107.77199999999999,83.5],[-101.323,114.172],[-113,105.474],[-113,-140.399],[-107.77199999999999,-159.826],[101.323,-129.154],[113,-122.404],[113,68.423]],"o":[[101.323,83.5],[-107.77199999999999,114.172],[-113,94.745],[-113,-151.128],[-101.323,-159.826],[107.77199999999999,-129.154],[113,-114.077],[113,76.75]],"v":[[101.323,83.5],[-101.323,114.172],[-113,94.745],[-113,-140.399],[-101.323,-159.826],[101.323,-129.154],[113,-114.077],[113,68.423]],"c":true}]},{"t":24,"s":[{"i":[[179.30200000000002,114.172],[-168.573,114.172],[-188,105.474],[-188,-140.399],[-179.30200000000002,-159.826],[168.573,-159.826],[188,-151.128],[188,94.745]],"o":[[168.573,114.172],[-179.30200000000002,114.172],[-188,94.745],[-188,-151.128],[-168.573,-159.826],[179.30200000000002,-159.826],[188,-140.399],[188,105.474]],"v":[[168.573,114.172],[-168.573,114.172],[-188,94.745],[-188,-140.399],[-168.573,-159.826],[168.573,-159.826],[188,-140.399],[188,94.745]],"c":true}]}],"ix":2},"nm":"Path 3","mn":"ADBE Vector Shape - Group","hd":false,"_render":true},{"ind":1,"ty":"sh","ix":2,"ks":{"a":1,"k":[{"i":{"x":0,"y":1},"o":{"x":0.333,"y":0},"t":0,"s":[{"i":[[162.097,55.162],[-162.097,55.162],[-162.097,-133.922],[162.097,-133.922]],"o":[[162.097,55.162],[-162.097,55.162],[-162.097,-133.922],[162.097,-133.922]],"v":[[162.097,55.162],[-162.097,55.162],[-162.097,-133.922],[162.097,-133.922]],"c":true}]},{"i":{"x":0.667,"y":1},"o":{"x":1,"y":0},"t":12,"s":[{"i":[[91.5,37.701],[-91.5,55.162],[-91.5,-133.922],[91.5,-109.05]],"o":[[91.5,37.701],[-91.5,55.162],[-91.5,-133.922],[91.5,-109.05]],"v":[[91.5,37.701],[-91.5,55.162],[-91.5,-133.922],[91.5,-109.05]],"c":true}]},{"t":24,"s":[{"i":[[162.097,55.162],[-162.097,55.162],[-162.097,-133.922],[162.097,-133.922]],"o":[[162.097,55.162],[-162.097,55.162],[-162.097,-133.922],[162.097,-133.922]],"v":[[162.097,55.162],[-162.097,55.162],[-162.097,-133.922],[162.097,-133.922]],"c":true}]}],"ix":2},"nm":"Path 4","mn":"ADBE Vector Shape - Group","hd":false,"_render":true},{"ty":"st","c":{"a":0,"k":[0.070588235294,0.074509803922,0.192156862745,1],"ix":3,"x":"var $bm_rt;\n$bm_rt = thisComp.layer('Color  & Stroke Change').effect('Primary')('Color');"},"o":{"a":0,"k":100,"ix":4},"w":{"a":0,"k":18,"ix":5,"x":"var $bm_rt;\n$bm_rt = $bm_mul(18 / 100, thisComp.layer('Color  & Stroke Change').effect('Stroke')('Slider'));"},"lc":2,"lj":2,"bm":0,"nm":"Stroke 1","mn":"ADBE Vector Graphic - Stroke","hd":false,"_render":true},{"ty":"tr","p":{"a":0,"k":[0,0],"ix":2},"a":{"a":0,"k":[0,0],"ix":1},"s":{"a":0,"k":[100,100],"ix":3},"r":{"a":0,"k":0,"ix":6},"o":{"a":0,"k":100,"ix":7},"sk":{"a":0,"k":0,"ix":4},"sa":{"a":0,"k":0,"ix":5},"nm":"Transform","_render":true}],"nm":"Group 2","np":3,"cix":2,"bm":0,"ix":2,"mn":"ADBE Vector Group","hd":false,"_render":true},{"ty":"gr","it":[{"ind":0,"ty":"sh","ix":1,"ks":{"a":1,"k":[{"i":{"x":0,"y":1},"o":{"x":0.333,"y":0},"t":0,"s":[{"i":[[52.17,160.289],[32.232,143.125],[24.638,114.075],[-24.638,114.075],[-32.233,143.125],[-52.17,160.289]],"o":[[52.17,160.289],[32.232,143.125],[24.638,114.075],[-24.638,114.075],[-32.233,143.125],[-52.17,160.289]],"v":[[52.17,160.289],[32.232,143.125],[24.638,114.075],[-24.638,114.075],[-32.233,143.125],[-52.17,160.289]],"c":true}]},{"i":{"x":0.667,"y":1},"o":{"x":1,"y":0},"t":12,"s":[{"i":[[44.462,146.81],[5.855,131.189],[-3.615,99.762],[-33.39,103.762],[-40.11,140.438],[-18.047,157.311]],"o":[[44.462,146.81],[5.855,131.189],[-3.615,99.762],[-33.39,103.762],[-40.11,140.438],[-18.047,157.311]],"v":[[44.462,146.81],[5.855,131.189],[-3.615,99.762],[-33.39,103.762],[-40.11,140.438],[-18.047,157.311]],"c":true}]},{"t":24,"s":[{"i":[[52.17,160.289],[32.232,143.125],[24.638,114.075],[-24.638,114.075],[-32.233,143.125],[-52.17,160.289]],"o":[[52.17,160.289],[32.232,143.125],[24.638,114.075],[-24.638,114.075],[-32.233,143.125],[-52.17,160.289]],"v":[[52.17,160.289],[32.232,143.125],[24.638,114.075],[-24.638,114.075],[-32.233,143.125],[-52.17,160.289]],"c":true}]}],"ix":2},"nm":"Path 1","mn":"ADBE Vector Shape - Group","hd":false,"_render":true},{"ty":"st","c":{"a":0,"k":[0.070588235294,0.074509803922,0.192156862745,1],"ix":3,"x":"var $bm_rt;\n$bm_rt = thisComp.layer('Color  & Stroke Change').effect('Secondary')('Color');"},"o":{"a":0,"k":100,"ix":4},"w":{"a":0,"k":18,"ix":5,"x":"var $bm_rt;\n$bm_rt = $bm_mul(18 / 100, thisComp.layer('Color  & Stroke Change').effect('Stroke')('Slider'));"},"lc":2,"lj":2,"bm":0,"nm":"Stroke 1","mn":"ADBE Vector Graphic - Stroke","hd":false,"_render":true},{"ty":"tr","p":{"a":0,"k":[0,0],"ix":2},"a":{"a":0,"k":[0,0],"ix":1},"s":{"a":0,"k":[100,100],"ix":3},"r":{"a":0,"k":0,"ix":6},"o":{"a":0,"k":100,"ix":7},"sk":{"a":0,"k":0,"ix":4},"sa":{"a":0,"k":0,"ix":5},"nm":"Transform","_render":true}],"nm":"Group 4","np":2,"cix":2,"bm":0,"ix":3,"mn":"ADBE Vector Group","hd":false,"_render":true}],"ip":0,"op":120,"st":0,"bm":0,"completed":true},{"ddd":0,"ind":6,"ty":4,"nm":"pad 2","parent":4,"td":1,"sr":1,"ks":{"o":{"a":0,"k":100,"ix":11},"r":{"a":0,"k":0,"ix":10},"p":{"a":0,"k":[60,60,0],"ix":2},"a":{"a":0,"k":[0,0,0],"ix":1},"s":{"a":0,"k":[100,100,100],"ix":6}},"ao":0,"shapes":[{"ty":"gr","it":[{"ind":0,"ty":"sh","ix":1,"ks":{"a":1,"k":[{"i":{"x":0,"y":1},"o":{"x":0.333,"y":0},"t":0,"s":[{"i":[[162.097,55.162],[-162.097,55.162],[-162.097,-133.922],[162.097,-133.922]],"o":[[162.097,55.162],[-162.097,55.162],[-162.097,-133.922],[162.097,-133.922]],"v":[[162.097,55.162],[-162.097,55.162],[-162.097,-133.922],[162.097,-133.922]],"c":true}]},{"i":{"x":0.667,"y":1},"o":{"x":1,"y":0},"t":12,"s":[{"i":[[91.5,37.701],[-91.5,55.162],[-91.5,-133.922],[91.5,-109.05]],"o":[[91.5,37.701],[-91.5,55.162],[-91.5,-133.922],[91.5,-109.05]],"v":[[91.5,37.701],[-91.5,55.162],[-91.5,-133.922],[91.5,-109.05]],"c":true}]},{"t":24,"s":[{"i":[[162.097,55.162],[-162.097,55.162],[-162.097,-133.922],[162.097,-133.922]],"o":[[162.097,55.162],[-162.097,55.162],[-162.097,-133.922],[162.097,-133.922]],"v":[[162.097,55.162],[-162.097,55.162],[-162.097,-133.922],[162.097,-133.922]],"c":true}]}],"ix":2},"nm":"Path 4","mn":"ADBE Vector Shape - Group","hd":false,"_render":true},{"ty":"st","c":{"a":0,"k":[0.070588238537,0.074509806931,0.192156866193,1],"ix":3},"o":{"a":0,"k":100,"ix":4},"w":{"a":0,"k":0,"ix":5},"lc":2,"lj":2,"bm":0,"nm":"Stroke 1","mn":"ADBE Vector Graphic - Stroke","hd":false,"_render":true},{"ty":"tr","p":{"a":0,"k":[0,0],"ix":2},"a":{"a":0,"k":[0,0],"ix":1},"s":{"a":0,"k":[100,100],"ix":3},"r":{"a":0,"k":0,"ix":6},"o":{"a":0,"k":100,"ix":7},"sk":{"a":0,"k":0,"ix":4},"sa":{"a":0,"k":0,"ix":5},"nm":"Transform","_render":true}],"nm":"Group 2","np":2,"cix":2,"bm":0,"ix":1,"mn":"ADBE Vector Group","hd":false,"_render":true},{"ty":"fl","c":{"a":0,"k":[1,0,0,1],"ix":4},"o":{"a":0,"k":100,"ix":5},"r":1,"bm":0,"nm":"Fill 1","mn":"ADBE Vector Graphic - Fill","hd":false,"_render":true}],"ip":0,"op":120,"st":0,"bm":0,"completed":true},{"ddd":0,"ind":7,"ty":4,"nm":"Shape Layer 1","parent":4,"tt":1,"sr":1,"ks":{"o":{"a":0,"k":100,"ix":11},"r":{"a":0,"k":0,"ix":10},"p":{"a":0,"k":[7,92,0],"ix":2},"a":{"a":0,"k":[0,0,0],"ix":1},"s":{"a":0,"k":[100,100,100],"ix":6}},"ao":0,"shapes":[{"ty":"gr","it":[{"ind":0,"ty":"sh","ix":1,"ks":{"a":1,"k":[{"i":{"x":0.667,"y":1},"o":{"x":0.167,"y":0.167},"t":4,"s":[{"i":[[-325.5,-176.5],[-70,91]],"o":[[-325.5,-176.5],[-70,91]],"v":[[-325.5,-176.5],[-70,91]],"c":false}]},{"t":13,"s":[{"i":[[138.5,-177],[394,90.5]],"o":[[138.5,-177],[394,90.5]],"v":[[138.5,-177],[394,90.5]],"c":false}],"h":1},{"i":{"x":0.667,"y":1},"o":{"x":0.167,"y":0.167},"t":15,"s":[{"i":[[-325.5,-176.5],[-70,91]],"o":[[-325.5,-176.5],[-70,91]],"v":[[-325.5,-176.5],[-70,91]],"c":false}]},{"t":30,"s":[{"i":[[252.5,-177],[508,90.5]],"o":[[252.5,-177],[508,90.5]],"v":[[252.5,-177],[508,90.5]],"c":false}]}],"ix":2},"nm":"Path 1","mn":"ADBE Vector Shape - Group","hd":false,"_render":true},{"ind":1,"ty":"sh","ix":2,"ks":{"a":1,"k":[{"i":{"x":0.667,"y":1},"o":{"x":0.167,"y":0.167},"t":5.25,"s":[{"i":[[-325.5,-176.5],[-70,91]],"o":[[-325.5,-176.5],[-70,91]],"v":[[-325.5,-176.5],[-70,91]],"c":false}]},{"t":14.25,"s":[{"i":[[138.5,-177],[394,90.5]],"o":[[138.5,-177],[394,90.5]],"v":[[138.5,-177],[394,90.5]],"c":false}],"h":1},{"i":{"x":0.667,"y":1},"o":{"x":0.167,"y":0.167},"t":16.25,"s":[{"i":[[-325.5,-176.5],[-70,91]],"o":[[-325.5,-176.5],[-70,91]],"v":[[-325.5,-176.5],[-70,91]],"c":false}]},{"t":31,"s":[{"i":[[217.5,-177],[473,90.5]],"o":[[217.5,-177],[473,90.5]],"v":[[217.5,-177],[473,90.5]],"c":false}]}],"ix":2},"nm":"Path 2","mn":"ADBE Vector Shape - Group","hd":false,"_render":true},{"ty":"st","c":{"a":0,"k":[0.070588235294,0.074509803922,0.192156862745,1],"ix":3,"x":"var $bm_rt;\n$bm_rt = thisComp.layer('Color  & Stroke Change').effect('Secondary')('Color');"},"o":{"a":0,"k":100,"ix":4},"w":{"a":0,"k":18,"ix":5,"x":"var $bm_rt;\n$bm_rt = $bm_mul(18 / 100, thisComp.layer('Color  & Stroke Change').effect('Stroke')('Slider'));"},"lc":1,"lj":1,"ml":4,"bm":9,"nm":"Stroke 1","mn":"ADBE Vector Graphic - Stroke","hd":false,"_render":true},{"ty":"fl","c":{"a":0,"k":[0.070588235294,0.074509803922,0.192156877705,1],"ix":4,"x":"var $bm_rt;\n$bm_rt = thisComp.layer('pad').content('Group 2').content('Stroke 1').color;"},"o":{"a":0,"k":100,"ix":5},"r":1,"bm":0,"nm":"Fill 1","mn":"ADBE Vector Graphic - Fill","hd":false,"_render":true},{"ty":"tr","p":{"a":0,"k":[0,0],"ix":2},"a":{"a":0,"k":[0,0],"ix":1},"s":{"a":0,"k":[100,100],"ix":3},"r":{"a":0,"k":0,"ix":6},"o":{"a":0,"k":100,"ix":7},"sk":{"a":0,"k":0,"ix":4},"sa":{"a":0,"k":0,"ix":5},"nm":"Transform","_render":true}],"nm":"Shape 1","np":4,"cix":2,"bm":0,"ix":1,"mn":"ADBE Vector Group","hd":false,"_render":true}],"ip":3,"op":32,"st":3,"bm":0,"completed":true}],"markers":[{"tm":13,"cm":"1","dr":0},{"tm":34,"cm":"2","dr":0},{"tm":48,"cm":"4","dr":0}],"__complete":true}